__load__user_,0001
__load__user_,0002
__load__user_,0003
__load__user_,0004
__load__user_,0005
__load__user_,0006
__load__user_,0007
__load__user_,0008
__load__user_,0009
__load__user_,0010
__load__user_,0011
__load__user_,0012
__load__user_,0013
__load__user_,0014
__load__user_,0015
__load__user_,0016
__load__user_,0017
__load__user_,0018
__load__user_,0019
__load__user_,0020
__load__user_,0021
__load__user_,0022
__load__user_,0023
__load__user_,0024
__load__user_,0025
__load__user_,0026
__load__user_,0027
__load__user_,0028
__load__user_,0029
__load__user_,0030
__load__user_,0031
__load__user_,0032
__load__user_,0033
__load__user_,0034
__load__user_,0035
__load__user_,0036
__load__user_,0037
__load__user_,0038
__load__user_,0039
__load__user_,0040
__load__user_,0041
__load__user_,0042
__load__user_,0043
__load__user_,0044
__load__user_,0045
__load__user_,0046
__load__user_,0047
__load__user_,0048
__load__user_,0049
__load__user_,0050
__load__user_,0051
__load__user_,0052
__load__user_,0053
__load__user_,0054
__load__user_,0055
__load__user_,0056
__load__user_,0057
__load__user_,0058
__load__user_,0059
__load__user_,0060
__load__user_,0061
__load__user_,0062
__load__user_,0063
__load__user_,0064
__load__user_,0065
__load__user_,0066
__load__user_,0067
__load__user_,0068
__load__user_,0069
__load__user_,0070
__load__user_,0071
__load__user_,0072
__load__user_,0073
__load__user_,0074
__load__user_,0075
__load__user_,0076
__load__user_,0077
__load__user_,0078
__load__user_,0079
__load__user_,0080
__load__user_,0081
__load__user_,0082
__load__user_,0083
__load__user_,0084
__load__user_,0085
__load__user_,0086
__load__user_,0087
__load__user_,0088
__load__user_,0089
__load__user_,0090
__load__user_,0091
__load__user_,0092
__load__user_,0093
__load__user_,0094
__load__user_,0095
__load__user_,0096
__load__user_,0097
__load__user_,0098
__load__user_,0099
__load__user_,0100
__load__user_,0101
__load__user_,0102
__load__user_,0103
__load__user_,0104
__load__user_,0105
__load__user_,0106
__load__user_,0107
__load__user_,0108
__load__user_,0109
__load__user_,0110
__load__user_,0111
__load__user_,0112
__load__user_,0113
__load__user_,0114
__load__user_,0115
__load__user_,0116
__load__user_,0117
__load__user_,0118
__load__user_,0119
__load__user_,0120
__load__user_,0121
__load__user_,0122
__load__user_,0123
__load__user_,0124
__load__user_,0125
__load__user_,0126
__load__user_,0127
__load__user_,0128
__load__user_,0129
__load__user_,0130
__load__user_,0131
__load__user_,0132
__load__user_,0133
__load__user_,0134
__load__user_,0135
__load__user_,0136
__load__user_,0137
__load__user_,0138
__load__user_,0139
__load__user_,0140
__load__user_,0141
__load__user_,0142
__load__user_,0143
__load__user_,0144
__load__user_,0145
__load__user_,0146
__load__user_,0147
__load__user_,0148
__load__user_,0149
__load__user_,0150
__load__user_,0151
__load__user_,0152
__load__user_,0153
__load__user_,0154
__load__user_,0155
__load__user_,0156
__load__user_,0157
__load__user_,0158
__load__user_,0159
__load__user_,0160
__load__user_,0161
__load__user_,0162
__load__user_,0163
__load__user_,0164
__load__user_,0165
__load__user_,0166
__load__user_,0167
__load__user_,0168
__load__user_,0169
__load__user_,0170
__load__user_,0171
__load__user_,0172
__load__user_,0173
__load__user_,0174
__load__user_,0175
__load__user_,0176
__load__user_,0177
__load__user_,0178
__load__user_,0179
__load__user_,0180
__load__user_,0181
__load__user_,0182
__load__user_,0183
__load__user_,0184
__load__user_,0185
__load__user_,0186
__load__user_,0187
__load__user_,0188
__load__user_,0189
__load__user_,0190
__load__user_,0191
__load__user_,0192
__load__user_,0193
__load__user_,0194
__load__user_,0195
__load__user_,0196
__load__user_,0197
__load__user_,0198
__load__user_,0199
__load__user_,0200
__load__user_,0201
__load__user_,0202
__load__user_,0203
__load__user_,0204
__load__user_,0205
__load__user_,0206
__load__user_,0207
__load__user_,0208
__load__user_,0209
__load__user_,0210
__load__user_,0211
__load__user_,0212
__load__user_,0213
__load__user_,0214
__load__user_,0215
__load__user_,0216
__load__user_,0217
__load__user_,0218
__load__user_,0219
__load__user_,0220
__load__user_,0221
__load__user_,0222
__load__user_,0223
__load__user_,0224
__load__user_,0225
__load__user_,0226
__load__user_,0227
__load__user_,0228
__load__user_,0229
__load__user_,0230
__load__user_,0231
__load__user_,0232
__load__user_,0233
__load__user_,0234
__load__user_,0235
__load__user_,0236
__load__user_,0237
__load__user_,0238
__load__user_,0239
__load__user_,0240
__load__user_,0241
__load__user_,0242
__load__user_,0243
__load__user_,0244
__load__user_,0245
__load__user_,0246
__load__user_,0247
__load__user_,0248
__load__user_,0249
__load__user_,0250
__load__user_,0251
__load__user_,0252
__load__user_,0253
__load__user_,0254
__load__user_,0255
__load__user_,0256
__load__user_,0257
__load__user_,0258
__load__user_,0259
__load__user_,0260
__load__user_,0261
__load__user_,0262
__load__user_,0263
__load__user_,0264
__load__user_,0265
__load__user_,0266
__load__user_,0267
__load__user_,0268
__load__user_,0269
__load__user_,0270
__load__user_,0271
__load__user_,0272
__load__user_,0273
__load__user_,0274
__load__user_,0275
__load__user_,0276
__load__user_,0277
__load__user_,0278
__load__user_,0279
__load__user_,0280
__load__user_,0281
__load__user_,0282
__load__user_,0283
__load__user_,0284
__load__user_,0285
__load__user_,0286
__load__user_,0287
__load__user_,0288
__load__user_,0289
__load__user_,0290
__load__user_,0291
__load__user_,0292
__load__user_,0293
__load__user_,0294
__load__user_,0295
__load__user_,0296
__load__user_,0297
__load__user_,0298
__load__user_,0299
__load__user_,0300
__load__user_,0301
__load__user_,0302
__load__user_,0303
__load__user_,0304
__load__user_,0305
__load__user_,0306
__load__user_,0307
__load__user_,0308
__load__user_,0309
__load__user_,0310
__load__user_,0311
__load__user_,0312
__load__user_,0313
__load__user_,0314
__load__user_,0315
__load__user_,0316
__load__user_,0317
__load__user_,0318
__load__user_,0319
__load__user_,0320
__load__user_,0321
__load__user_,0322
__load__user_,0323
__load__user_,0324
__load__user_,0325
__load__user_,0326
__load__user_,0327
__load__user_,0328
__load__user_,0329
__load__user_,0330
__load__user_,0331
__load__user_,0332
__load__user_,0333
__load__user_,0334
__load__user_,0335
__load__user_,0336
__load__user_,0337
__load__user_,0338
__load__user_,0339
__load__user_,0340
__load__user_,0341
__load__user_,0342
__load__user_,0343
__load__user_,0344
__load__user_,0345
__load__user_,0346
__load__user_,0347
__load__user_,0348
__load__user_,0349
__load__user_,0350
__load__user_,0351
__load__user_,0352
__load__user_,0353
__load__user_,0354
__load__user_,0355
__load__user_,0356
__load__user_,0357
__load__user_,0358
__load__user_,0359
__load__user_,0360
__load__user_,0361
__load__user_,0362
__load__user_,0363
__load__user_,0364
__load__user_,0365
__load__user_,0366
__load__user_,0367
__load__user_,0368
__load__user_,0369
__load__user_,0370
__load__user_,0371
__load__user_,0372
__load__user_,0373
__load__user_,0374
__load__user_,0375
__load__user_,0376
__load__user_,0377
__load__user_,0378
__load__user_,0379
__load__user_,0380
__load__user_,0381
__load__user_,0382
__load__user_,0383
__load__user_,0384
__load__user_,0385
__load__user_,0386
__load__user_,0387
__load__user_,0388
__load__user_,0389
__load__user_,0390
__load__user_,0391
__load__user_,0392
__load__user_,0393
__load__user_,0394
__load__user_,0395
__load__user_,0396
__load__user_,0397
__load__user_,0398
__load__user_,0399
__load__user_,0400
__load__user_,0401
__load__user_,0402
__load__user_,0403
__load__user_,0404
__load__user_,0405
__load__user_,0406
__load__user_,0407
__load__user_,0408
__load__user_,0409
__load__user_,0410
__load__user_,0411
__load__user_,0412
__load__user_,0413
__load__user_,0414
__load__user_,0415
__load__user_,0416
__load__user_,0417
__load__user_,0418
__load__user_,0419
__load__user_,0420
__load__user_,0421
__load__user_,0422
__load__user_,0423
__load__user_,0424
__load__user_,0425
__load__user_,0426
__load__user_,0427
__load__user_,0428
__load__user_,0429
__load__user_,0430
__load__user_,0431
__load__user_,0432
__load__user_,0433
__load__user_,0434
__load__user_,0435
__load__user_,0436
__load__user_,0437
__load__user_,0438
__load__user_,0439
__load__user_,0440
__load__user_,0441
__load__user_,0442
__load__user_,0443
__load__user_,0444
__load__user_,0445
__load__user_,0446
__load__user_,0447
__load__user_,0448
__load__user_,0449
__load__user_,0450
__load__user_,0451
__load__user_,0452
__load__user_,0453
__load__user_,0454
__load__user_,0455
__load__user_,0456
__load__user_,0457
__load__user_,0458
__load__user_,0459
__load__user_,0460
__load__user_,0461
__load__user_,0462
__load__user_,0463
__load__user_,0464
__load__user_,0465
__load__user_,0466
__load__user_,0467
__load__user_,0468
__load__user_,0469
__load__user_,0470
__load__user_,0471
__load__user_,0472
__load__user_,0473
__load__user_,0474
__load__user_,0475
__load__user_,0476
__load__user_,0477
__load__user_,0478
__load__user_,0479
__load__user_,0480
__load__user_,0481
__load__user_,0482
__load__user_,0483
__load__user_,0484
__load__user_,0485
__load__user_,0486
__load__user_,0487
__load__user_,0488
__load__user_,0489
__load__user_,0490
__load__user_,0491
__load__user_,0492
__load__user_,0493
__load__user_,0494
__load__user_,0495
__load__user_,0496
__load__user_,0497
__load__user_,0498
__load__user_,0499
__load__user_,0500
__load__user_,0501
__load__user_,0502
__load__user_,0503
__load__user_,0504
__load__user_,0505
__load__user_,0506
__load__user_,0507
__load__user_,0508
__load__user_,0509
__load__user_,0510
__load__user_,0511
__load__user_,0512
__load__user_,0513
__load__user_,0514
__load__user_,0515
__load__user_,0516
__load__user_,0517
__load__user_,0518
__load__user_,0519
__load__user_,0520
__load__user_,0521
__load__user_,0522
__load__user_,0523
__load__user_,0524
__load__user_,0525
__load__user_,0526
__load__user_,0527
__load__user_,0528
__load__user_,0529
__load__user_,0530
__load__user_,0531
__load__user_,0532
__load__user_,0533
__load__user_,0534
__load__user_,0535
__load__user_,0536
__load__user_,0537
__load__user_,0538
__load__user_,0539
__load__user_,0540
__load__user_,0541
__load__user_,0542
__load__user_,0543
__load__user_,0544
__load__user_,0545
__load__user_,0546
__load__user_,0547
__load__user_,0548
__load__user_,0549
__load__user_,0550
__load__user_,0551
__load__user_,0552
__load__user_,0553
__load__user_,0554
__load__user_,0555
__load__user_,0556
__load__user_,0557
__load__user_,0558
__load__user_,0559
__load__user_,0560
__load__user_,0561
__load__user_,0562
__load__user_,0563
__load__user_,0564
__load__user_,0565
__load__user_,0566
__load__user_,0567
__load__user_,0568
__load__user_,0569
__load__user_,0570
__load__user_,0571
__load__user_,0572
__load__user_,0573
__load__user_,0574
__load__user_,0575
__load__user_,0576
__load__user_,0577
__load__user_,0578
__load__user_,0579
__load__user_,0580
__load__user_,0581
__load__user_,0582
__load__user_,0583
__load__user_,0584
__load__user_,0585
__load__user_,0586
__load__user_,0587
__load__user_,0588
__load__user_,0589
__load__user_,0590
__load__user_,0591
__load__user_,0592
__load__user_,0593
__load__user_,0594
__load__user_,0595
__load__user_,0596
__load__user_,0597
__load__user_,0598
__load__user_,0599
__load__user_,0600
__load__user_,0601
__load__user_,0602
__load__user_,0603
__load__user_,0604
__load__user_,0605
__load__user_,0606
__load__user_,0607
__load__user_,0608
__load__user_,0609
__load__user_,0610
__load__user_,0611
__load__user_,0612
__load__user_,0613
__load__user_,0614
__load__user_,0615
__load__user_,0616
__load__user_,0617
__load__user_,0618
__load__user_,0619
__load__user_,0620
__load__user_,0621
__load__user_,0622
__load__user_,0623
__load__user_,0624
__load__user_,0625
__load__user_,0626
__load__user_,0627
__load__user_,0628
__load__user_,0629
__load__user_,0630
__load__user_,0631
__load__user_,0632
__load__user_,0633
__load__user_,0634
__load__user_,0635
__load__user_,0636
__load__user_,0637
__load__user_,0638
__load__user_,0639
__load__user_,0640
__load__user_,0641
__load__user_,0642
__load__user_,0643
__load__user_,0644
__load__user_,0645
__load__user_,0646
__load__user_,0647
__load__user_,0648
__load__user_,0649
__load__user_,0650
__load__user_,0651
__load__user_,0652
__load__user_,0653
__load__user_,0654
__load__user_,0655
__load__user_,0656
__load__user_,0657
__load__user_,0658
__load__user_,0659
__load__user_,0660
__load__user_,0661
__load__user_,0662
__load__user_,0663
__load__user_,0664
__load__user_,0665
__load__user_,0666
__load__user_,0667
__load__user_,0668
__load__user_,0669
__load__user_,0670
__load__user_,0671
__load__user_,0672
__load__user_,0673
__load__user_,0674
__load__user_,0675
__load__user_,0676
__load__user_,0677
__load__user_,0678
__load__user_,0679
__load__user_,0680
__load__user_,0681
__load__user_,0682
__load__user_,0683
__load__user_,0684
__load__user_,0685
__load__user_,0686
__load__user_,0687
__load__user_,0688
__load__user_,0689
__load__user_,0690
__load__user_,0691
__load__user_,0692
__load__user_,0693
__load__user_,0694
__load__user_,0695
__load__user_,0696
__load__user_,0697
__load__user_,0698
__load__user_,0699
__load__user_,0700
__load__user_,0701
__load__user_,0702
__load__user_,0703
__load__user_,0704
__load__user_,0705
__load__user_,0706
__load__user_,0707
__load__user_,0708
__load__user_,0709
__load__user_,0710
__load__user_,0711
__load__user_,0712
__load__user_,0713
__load__user_,0714
__load__user_,0715
__load__user_,0716
__load__user_,0717
__load__user_,0718
__load__user_,0719
__load__user_,0720
__load__user_,0721
__load__user_,0722
__load__user_,0723
__load__user_,0724
__load__user_,0725
__load__user_,0726
__load__user_,0727
__load__user_,0728
__load__user_,0729
__load__user_,0730
__load__user_,0731
__load__user_,0732
__load__user_,0733
__load__user_,0734
__load__user_,0735
__load__user_,0736
__load__user_,0737
__load__user_,0738
__load__user_,0739
__load__user_,0740
__load__user_,0741
__load__user_,0742
__load__user_,0743
__load__user_,0744
__load__user_,0745
__load__user_,0746
__load__user_,0747
__load__user_,0748
__load__user_,0749
__load__user_,0750
__load__user_,0751
__load__user_,0752
__load__user_,0753
__load__user_,0754
__load__user_,0755
__load__user_,0756
__load__user_,0757
__load__user_,0758
__load__user_,0759
__load__user_,0760
__load__user_,0761
__load__user_,0762
__load__user_,0763
__load__user_,0764
__load__user_,0765
__load__user_,0766
__load__user_,0767
__load__user_,0768
__load__user_,0769
__load__user_,0770
__load__user_,0771
__load__user_,0772
__load__user_,0773
__load__user_,0774
__load__user_,0775
__load__user_,0776
__load__user_,0777
__load__user_,0778
__load__user_,0779
__load__user_,0780
__load__user_,0781
__load__user_,0782
__load__user_,0783
__load__user_,0784
__load__user_,0785
__load__user_,0786
__load__user_,0787
__load__user_,0788
__load__user_,0789
__load__user_,0790
__load__user_,0791
__load__user_,0792
__load__user_,0793
__load__user_,0794
__load__user_,0795
__load__user_,0796
__load__user_,0797
__load__user_,0798
__load__user_,0799
__load__user_,0800
__load__user_,0801
__load__user_,0802
__load__user_,0803
__load__user_,0804
__load__user_,0805
__load__user_,0806
__load__user_,0807
__load__user_,0808
__load__user_,0809
__load__user_,0810
__load__user_,0811
__load__user_,0812
__load__user_,0813
__load__user_,0814
__load__user_,0815
__load__user_,0816
__load__user_,0817
__load__user_,0818
__load__user_,0819
__load__user_,0820
__load__user_,0821
__load__user_,0822
__load__user_,0823
__load__user_,0824
__load__user_,0825
__load__user_,0826
__load__user_,0827
__load__user_,0828
__load__user_,0829
__load__user_,0830
__load__user_,0831
__load__user_,0832
__load__user_,0833
__load__user_,0834
__load__user_,0835
__load__user_,0836
__load__user_,0837
__load__user_,0838
__load__user_,0839
__load__user_,0840
__load__user_,0841
__load__user_,0842
__load__user_,0843
__load__user_,0844
__load__user_,0845
__load__user_,0846
__load__user_,0847
__load__user_,0848
__load__user_,0849
__load__user_,0850
__load__user_,0851
__load__user_,0852
__load__user_,0853
__load__user_,0854
__load__user_,0855
__load__user_,0856
__load__user_,0857
__load__user_,0858
__load__user_,0859
__load__user_,0860
__load__user_,0861
__load__user_,0862
__load__user_,0863
__load__user_,0864
__load__user_,0865
__load__user_,0866
__load__user_,0867
__load__user_,0868
__load__user_,0869
__load__user_,0870
__load__user_,0871
__load__user_,0872
__load__user_,0873
__load__user_,0874
__load__user_,0875
__load__user_,0876
__load__user_,0877
__load__user_,0878
__load__user_,0879
__load__user_,0880
__load__user_,0881
__load__user_,0882
__load__user_,0883
__load__user_,0884
__load__user_,0885
__load__user_,0886
__load__user_,0887
__load__user_,0888
__load__user_,0889
__load__user_,0890
__load__user_,0891
__load__user_,0892
__load__user_,0893
__load__user_,0894
__load__user_,0895
__load__user_,0896
__load__user_,0897
__load__user_,0898
__load__user_,0899
__load__user_,0900
__load__user_,0901
__load__user_,0902
__load__user_,0903
__load__user_,0904
__load__user_,0905
__load__user_,0906
__load__user_,0907
__load__user_,0908
__load__user_,0909
__load__user_,0910
__load__user_,0911
__load__user_,0912
__load__user_,0913
__load__user_,0914
__load__user_,0915
__load__user_,0916
__load__user_,0917
__load__user_,0918
__load__user_,0919
__load__user_,0920
__load__user_,0921
__load__user_,0922
__load__user_,0923
__load__user_,0924
__load__user_,0925
__load__user_,0926
__load__user_,0927
__load__user_,0928
__load__user_,0929
__load__user_,0930
__load__user_,0931
__load__user_,0932
__load__user_,0933
__load__user_,0934
__load__user_,0935
__load__user_,0936
__load__user_,0937
__load__user_,0938
__load__user_,0939
__load__user_,0940
__load__user_,0941
__load__user_,0942
__load__user_,0943
__load__user_,0944
__load__user_,0945
__load__user_,0946
__load__user_,0947
__load__user_,0948
__load__user_,0949
__load__user_,0950
__load__user_,0951
__load__user_,0952
__load__user_,0953
__load__user_,0954
__load__user_,0955
__load__user_,0956
__load__user_,0957
__load__user_,0958
__load__user_,0959
__load__user_,0960
__load__user_,0961
__load__user_,0962
__load__user_,0963
__load__user_,0964
__load__user_,0965
__load__user_,0966
__load__user_,0967
__load__user_,0968
__load__user_,0969
__load__user_,0970
__load__user_,0971
__load__user_,0972
__load__user_,0973
__load__user_,0974
__load__user_,0975
__load__user_,0976
__load__user_,0977
__load__user_,0978
__load__user_,0979
__load__user_,0980
__load__user_,0981
__load__user_,0982
__load__user_,0983
__load__user_,0984
__load__user_,0985
__load__user_,0986
__load__user_,0987
__load__user_,0988
__load__user_,0989
__load__user_,0990
__load__user_,0991
__load__user_,0992
__load__user_,0993
__load__user_,0994
__load__user_,0995
__load__user_,0996
__load__user_,0997
__load__user_,0998
__load__user_,0999
__load__user_,1000