{
  "nodes": [
    {
      "id": "a54a82eb7c",
      "position": {
        "x": 120,
        "y": -105
      }
    },
    {
      "id": "3fc7086c87",
      "position": {
        "x": 460,
        "y": -105
      }
    },
    {
      "id": "aa3bcb1ad3",
      "position": {
        "x": 120,
        "y": 55
      }
    },
    {
      "id": "a8dd265d97",
      "position": {
        "x": 460,
        "y": 55
      }
    },
    {
      "id": "55e5e14c60",
      "position": {
        "x": 460,
        "y": 235
      }
    },
    {
      "id": "f665775ece",
      "position": {
        "x": 120,
        "y": 245
      }
    }
  ],
  "links": [
    {
      "source": "a54a82eb7c",
      "sourcePort": "out0",
      "target": "aa3bcb1ad3",
      "points": [
        {
          "x": 327,
          "y": -46
        },
        {
          "x": 220,
          "y": 48
        }
      ]
    },
    {
      "source": "a54a82eb7c",
      "sourcePort": "out1",
      "target": "3fc7086c87",
      "points": [
        {
          "x": 327,
          "y": -21
        },
        {
          "x": 560,
          "y": -111
        }
      ]
    },
    {
      "source": "3fc7086c87",
      "sourcePort": "out0",
      "target": "aa3bcb1ad3",
      "points": [
        {
          "x": 667,
          "y": -3
        },
        {
          "x": 220,
          "y": 48
        }
      ]
    },
    {
      "source": "aa3bcb1ad3",
      "sourcePort": "out0",
      "target": "a8dd265d97",
      "points": [
        {
          "x": 327,
          "y": 157
        },
        {
          "x": 560,
          "y": 48
        }
      ]
    },
    {
      "source": "aa3bcb1ad3",
      "sourcePort": "out1",
      "target": "55e5e14c60",
      "points": [
        {
          "x": 327,
          "y": 182
        },
        {
          "x": 560,
          "y": 228
        }
      ]
    }
  ]
}